Coin,vol,pnl
@1,3661.69,496.746238
@10,37.31,-0.063484
@100,42.67,27.627142
@103,40.0,38.558036
@107,55760858.63,2783912.919016
@109,5670.66,5414.08414
@11,0.61,0.0
@112,759.63,-52.114723999999995
@113,42.28,16.92622
@114,1.32,1.309077
@116,11.85,1.722949
@117,14.77,4.631689
@12,8.91,0.0
@123,400024.33,0.0
@124,1173.08,-128.603876
@125,5731.41,370.264567
@13,52.86000000000001,-0.12379
@135,15.56,-5981.36399
@138,109.53999999999999,50.950684
@14,849.28,0.0
@142,2486351.27,7450.359672
@147,612.5600000000001,-350.632694
@15,1.11,0.0
@151,574271.34,11583.842769
@152,59831.5,0.599998
@153,117912.92,35.217067
@16,35.9,-0.060429
@17,0.0,0.0
@18,0.46,0.0
@19,0.81,0.0
@2,999.88,-0.907946
@20,1087.94,4.738087999999999
@21,0.94,0.0
@23,5218.84,0.0
@24,2.71,-0.002936
@25,0.65,0.0
@26,24.62,-0.25801799999999997
@28,1.74,0.0
@29,23.73,-0.078374
@3,575.81,0.462514
@30,0.69,0.0
@31,33.61,33.212273
@32,0.01,0.0
@33,15.18,13.566929
@34,0.81,0.0
@35,68.30000000000001,67.028127
@36,16.1,15.663073
@37,1850.98,298.859201
@38,538.6700000000001,33.271993
@39,12.57,12.238556
@4,87457.2,-95.963977
@40,413.94,12.149683
@41,38.239999999999995,36.73844
@42,0.74,0.0
@44,0.77,0.0
@45,0.54,0.0
@46,0.5700000000000001,0.0
@47,51.14,50.313458
@48,0.68,0.0
@49,959.28,-40.712216999999995
@51,18319.94,-330.876576
@53,69.77000000000001,67.86470700000001
@59,24622.53,2557.105607
@6,0.03,0.0
@61,0.62,0.0
@63,59.95,-20.663546
@68,10.09,0.0
@7,0.03,0.0
@74,383.36,371.633249
@78,6550.37,0.0
@8,44809.65,162.720529
@83,1426.41,-1087.633355
@85,49034.5,26506.140009
@86,10.17,0.0
@9,242.32,-58.564889
@93,16.33,15.954796
@95,120.78,-29.438061
AAVE,1100411.81,7485.007984
ACE,72261.42,2760.71491
ADA,1094836.4,-28113.46197
AI,16491.09,94.826156
AI16Z,631600.28,8024.352668
AIXBT,1273650.18,73712.168895
ALGO,3867.61,18.36352
ALT,452509.6,5870.702544
ANIME,590255.83,21317.258031
APE,655500.97,9731.40994
APT,216136.03,1749.189965
AR,10309.88,203.38219999999998
ARB,311759.41,9634.58006
ARK,10111.66,27.189288
ATOM,7665.85,88.234264
AVAX,400115.48,48297.313845000004
BABY,3903.33,98.7298
BADGER,153716.13999999998,1439.733233
BANANA,1078.52,-81.48518800000001
BERA,2056756.0,73689.746587
BIGTIME,117712.14,1838.5441700000001
BIO,150146.37,1298.512254
BLAST,22402.65,632.386224
BLUR,175549.22,3353.129145
BNB,413782.45,303.200972
BNT,5828.41,-17.60528
BOME,1319.38,12.248102000000001
BRETT,144922.78,958.287363
BTC,644232116.63,868044.732638
CAKE,38885.57,1022.846751
CANTO,20132.280000000002,-188.49813000000003
CHILLGUY,266880.32,4727.794586
COMP,113669.31,2814.398024
CRV,121969.81999999999,-1249.722505
CYBER,1191.71,191.5296
DOGE,2452103.46,147543.156534
DOT,153984.59,193.48789299999999
DYDX,397233.48,539.164485
DYM,14764.33,122.891343
EIGEN,417781.52999999997,65030.852352
ENA,1625400.5,217329.503554
ENS,20014.59,-7.121359999999999
ETC,1928.3799999999999,205.04848
ETH,118280994.07,1319978.838852
ETHFI,769716.13,43929.006074
FARTCOIN,8311390.4,-100687.213185
FET,106291.12,229.1654
FIL,19806.989999999998,-35.27859
FTM,464105.23,6916.166218
FTT,384755.3,6909.363767
FXS,113054.22,-121.92971200000001
GALA,19057.6,184.138024
GAS,739.53,60.6139
GMT,66397.39,328.62974099999997
GMX,124024.95,699.433714
GOAT,376116.52,8142.94114
GRASS,156915.52,1253.272989
GRIFFAIN,583690.79,7092.139995
HBAR,75989.03,1909.508064
HPOS,74362.93,1979.33753
HYPE,141990206.05,1948484.599761
HYPER,119127.13,874.4737
ILV,319713.52,5309.104755
IMX,11225.06,540.2160399999999
INIT,49061.87,364.5007
INJ,347802.64,5919.778398
IO,252981.67,-21893.910518
IOTA,12495.93,-2.454844
IP,477338.87,3043.288104
JELLY,2193971.31,35193.716244
JTO,355918.02,7408.051171
JUP,1496950.4,42909.223316999996
KAITO,897912.98,-8735.140961
LAYER,1060068.85,20496.4351
LDO,35277.39,306.921971
LINK,443972.69,4601.098394
LISTA,1994.73,4.46974
LOOM,1715.72,215.057055
LTC,343217.55,5626.143524
MANTA,78103.9,1483.648906
MATIC,231562.53,668.931017
MAV,21.049999999999997,0.0189
MAVIA,345694.75,8257.300045
ME,316205.37,16011.899938
MELANIA,7040710.45,390351.069856
MEME,173898.29,4457.20042
MERL,96.53,-3.17364
MEW,1305.31,32.46208
MINA,12246.55,198.7045
MKR,31634.96,1416.279513
MNT,1340.22,-21.057177
MOODENG,161956.47,16167.348348000001
MORPHO,69483.86,421.871013
MOVE,130978.56,2562.894536
MYRO,47222.34,53.47767
NEAR,813006.76,13957.535979
NEIROETH,409.70000000000005,34.161578
NIL,481868.22,-3175.273635
NTRN,248372.3,1601.759155
OGN,58247.64,1752.668422
OM,13968.95,-775.0843229999999
ONDO,1726582.09,24570.824905
OP,340426.57,8078.296967
ORDI,19765.6,99.593622
PAXG,3047336.39,-18688.874329
PENDLE,619760.27,7712.609738
PENGU,1012148.96,5217.341266
PEOPLE,1360.49,360.646005
PIXEL,34839.78,405.89459999999997
PNUT,961622.8200000001,14844.964381
POLYX,32669.5,618.133683
POPCAT,803456.85,-7922.181871
PROMPT,231701.51,2377.976177
PURR,1098592.1,26766.355202
PURR/USDC,1642418.69,75261.058019
PYTH,419640.75,1824.119272
RENDER,231090.13,6100.258256
REQ,2277.65,4.947336
REZ,12262.95,163.08528
RLB,1914.8,75.947736
RNDR,619792.36,13566.322558
RSR,19577.24,165.431328
RUNE,672350.38,6244.389123
S,224183.08,-8644.845718
SAND,95828.66,2213.437927
SCR,49793.18,1612.97536
SEI,1266275.0,9957.777466
SHIA,1279.06,273.568643
SOL,125074752.06,1639555.927506
SPX,289426.51,5612.831099
STG,10728.33,179.54376000000002
STRK,83026.4,-1517.376015
STX,173875.01,1583.885992
SUI,7781167.59,199268.834922
SUPER,1293.37,35.197902
SUSHI,47324.92,605.441925
TAO,1693805.35,16817.94047
TIA,764851.23,13021.498254
TNSR,415869.25,5106.264766
TON,53812.28,-18.09871
TRUMP,7349346.94,-364824.908179
TRX,73744.58,670.1615039999999
TST,490758.53,3357.994369
TURBO,183553.46,8540.129944
UNI,44427.01,347.766005
UNIBOT,2333.2599999999998,325.055769
USTC,10848.34,346.69317
USUAL,962189.37,69631.943237
VINE,676727.95,4777.252708
VIRTUAL,1361590.25,19544.481508
VVV,213572.86000000002,2212.897418
W,306770.28,1593.757483
WCT,58468.89,1531.72532
WIF,588175.4,8984.600779
WLD,2792841.63,22281.920156
XAI,64998.32,1074.213807
XRP,5343210.53,3756.901464999999
YGG,53533.630000000005,1043.757286
ZEN,38169.05,-1475.390707
ZEREBRO,1320048.45,21166.925278
ZETA,313968.58,4622.601501
ZK,3515.14,99.656693
ZORA,340924.26,6816.51283
ZRO,1213825.42,183777.783689
kBONK,2995780.58,35551.245276
kFLOKI,37380.89,1607.436125
kNEIRO,882.27,5.319437000000001
kPEPE,2450800.07,18676.997284
kSHIB,83627.17,279.13726399999996
