Account,date,daily_pnl,total_volume,trade_count,win_rate,avg_trade_size,long_ratio,value,classification,sentiment_regime,size_segment,freq_segment,is_profitable
0x083384f897ee0f19899168e3b1bec365f52a9012,2024-10-27,-327505.90005600004,6842632.0200000005,462.0,0.025974025974025976,14810.891818181819,0.3008658008658009,74,Greed,Greed,High,Medium,0
0x083384f897ee0f19899168e3b1bec365f52a9012,2025-02-19,1927735.720035,54854631.95,3356.0,0.40554231227651966,16345.241939809297,0.4684147794994041,44,Fear,Fear,High,High,1
0x23e7a7f8d14b550961925fbfdaa92f5d195ba5bd,2024-10-27,20607.446093,797679.97,320.0,0.53125,2492.74990625,0.453125,74,Greed,Greed,Medium,Medium,1
0x23e7a7f8d14b550961925fbfdaa92f5d195ba5bd,2025-02-19,17098.727054999992,5982611.5,3533.0,0.43504104160769885,1693.3516841211435,0.4324936314746674,44,Fear,Fear,Low,High,1
0x271b280974205ca63b716753467d5a371de622ab,2024-07-03,-1.0,30351.000000000004,5.0,0.0,6070.200000000001,0.4,50,Neutral,Neutral,High,Low,0
0x271b280974205ca63b716753467d5a371de622ab,2024-10-27,1793.1602149999999,159708.3,5.0,0.8,31941.659999999996,0.6,74,Greed,Greed,High,Low,1
0x271b280974205ca63b716753467d5a371de622ab,2025-02-19,29970.928216,12310719.5,1136.0,0.43045774647887325,10836.90096830986,0.4454225352112676,44,Fear,Fear,High,Medium,1
0x28736f43f1e871e6aa8b1148d38d4994275d72c4,2024-10-27,121880.386016,3129795.2199999997,6472.0,0.4437577255871446,483.5901143386897,0.476823238566131,74,Greed,Greed,Low,High,1
0x28736f43f1e871e6aa8b1148d38d4994275d72c4,2025-02-19,10435.095669000002,3622817.6999999997,6794.0,0.4327347659699735,533.2378127759788,0.5307624374448042,44,Fear,Fear,Low,High,1
0x2c229d22b100a7beb69122eed721cee9b24011dd,2024-10-27,52215.729448,2244613.0,763.0,0.4744429882044561,2941.8256880733943,0.399737876802097,74,Greed,Greed,Medium,Medium,1
0x2c229d22b100a7beb69122eed721cee9b24011dd,2025-02-19,116412.254606,7919556.5600000005,2471.0,0.5337919870497774,3205.000631323351,0.3528935653581546,44,Fear,Fear,Medium,High,1
0x3998f134d6aaa2b6a5f723806d00fd2bbbbce891,2023-03-28,0.0,477.0,3.0,0.0,159.0,1.0,59,Greed,Greed,Low,Low,0
0x3998f134d6aaa2b6a5f723806d00fd2bbbbce891,2023-11-14,0.0,46133.87,2.0,0.0,23066.935,1.0,69,Greed,Greed,High,Low,0
0x3998f134d6aaa2b6a5f723806d00fd2bbbbce891,2024-03-09,-5564.01614,82312.05,27.0,0.3333333333333333,3048.5944444444444,0.14814814814814814,84,Extreme Greed,Extreme Greed,Medium,Low,0
0x3998f134d6aaa2b6a5f723806d00fd2bbbbce891,2024-07-03,215.75479800000002,61379.82000000001,80.0,0.1,767.2477500000001,0.4375,50,Neutral,Neutral,Low,Low,1
0x3998f134d6aaa2b6a5f723806d00fd2bbbbce891,2024-10-27,36993.371011,402974.53,156.0,0.46794871794871795,2583.170064102564,0.41025641025641024,74,Greed,Greed,Medium,Low,1
0x3998f134d6aaa2b6a5f723806d00fd2bbbbce891,2025-02-19,-59349.677108,575346.5800000001,349.0,0.2636103151862464,1648.557535816619,0.18911174785100288,44,Fear,Fear,Low,Medium,0
0x39cef799f8b69da1995852eea189df24eb5cae3c,2024-10-27,34983.381862,655891.22,144.0,0.5277777777777778,4554.800138888889,0.4097222222222222,74,Greed,Greed,Medium,Low,1
0x39cef799f8b69da1995852eea189df24eb5cae3c,2025-02-19,-20526.462526000003,16537484.2,3445.0,0.3193033381712627,4800.430827285922,0.4612481857764877,44,Fear,Fear,High,High,0
0x3f9a0aadc7f04a7c9d75dc1b5a6ddd6e36486cf6,2024-10-27,7612.618288,532207.47,191.0,0.41361256544502617,2786.4265445026176,0.5863874345549738,74,Greed,Greed,Medium,Low,1
0x3f9a0aadc7f04a7c9d75dc1b5a6ddd6e36486cf6,2025-02-19,45883.62895500001,611688.99,141.0,0.5602836879432624,4338.219787234042,0.41134751773049644,44,Fear,Fear,Medium,Low,1
0x420ab45e0bd8863569a5efbb9c05d91f40624641,2024-10-27,16102.56859,810078.5199999999,125.0,0.216,6480.628159999999,0.144,74,Greed,Greed,High,Low,1
0x420ab45e0bd8863569a5efbb9c05d91f40624641,2025-02-19,183403.02414199998,1177449.0899999999,258.0,0.2441860465116279,4563.756162790697,0.32170542635658916,44,Fear,Fear,High,Low,1
0x430f09841d65beb3f27765503d0f850b8bce7713,2024-03-09,0.0,99995.52,88.0,0.0,1136.3127272727272,1.0,84,Extreme Greed,Extreme Greed,Low,Low,0
0x430f09841d65beb3f27765503d0f850b8bce7713,2024-07-03,145563.44837399997,438228.4199999999,249.0,0.9518072289156626,1759.9534939759033,0.012048192771084338,50,Neutral,Neutral,Low,Low,1
0x430f09841d65beb3f27765503d0f850b8bce7713,2024-10-27,160450.51810499997,289936.94999999995,43.0,0.8837209302325582,6742.719767441859,0.0,74,Greed,Greed,High,Low,1
0x430f09841d65beb3f27765503d0f850b8bce7713,2025-02-19,110527.90586200001,1883941.4700000002,671.0,0.4828614008941878,2807.662399403875,0.3144560357675112,44,Fear,Fear,Medium,Medium,1
0x47add9a56df66b524d5e2c1993a43cde53b6ed85,2024-10-27,69282.42904,1834112.9100000001,3711.0,0.3381837779574239,494.23683912692,0.46833737537052006,74,Greed,Greed,Low,High,1
0x47add9a56df66b524d5e2c1993a43cde53b6ed85,2025-02-19,32683.214094,2508697.1100000003,4629.0,0.36552171095268954,541.9522812702528,0.49038669259019224,44,Fear,Fear,Low,High,1
0x4acb90e786d897ecffb614dc822eb231b4ffb9f4,2024-10-27,61076.16780799999,2769684.87,328.0,0.4115853658536585,8444.161189024391,0.5579268292682927,74,Greed,Greed,High,Medium,1
0x4acb90e786d897ecffb614dc822eb231b4ffb9f4,2025-02-19,613327.827224,34247716.57,3806.0,0.4952706253284288,8998.349072517078,0.4721492380451918,44,Fear,Fear,High,High,1
0x4f93fead39b70a1824f981a54d4e55b278e9f760,2024-03-09,-7919.471032000001,4540452.9,730.0,0.30684931506849317,6219.798493150685,0.48904109589041095,84,Extreme Greed,Extreme Greed,High,Medium,0
0x4f93fead39b70a1824f981a54d4e55b278e9f760,2024-07-03,-25991.506338999992,13339126.17,1309.0,0.3315508021390374,10190.317929717341,0.5393430099312452,50,Neutral,Neutral,High,Medium,0
0x4f93fead39b70a1824f981a54d4e55b278e9f760,2024-10-27,111230.498007,33455719.11,1703.0,0.3282442748091603,19645.16682912507,0.5637110980622431,74,Greed,Greed,High,Medium,1
0x4f93fead39b70a1824f981a54d4e55b278e9f760,2025-02-19,223968.37089300004,76490050.69,3737.0,0.39175809472839174,20468.303636606903,0.5638212469895638,44,Fear,Fear,High,High,1
0x513b8629fe877bb581bf244e326a047b249c4ff1,2024-10-27,0.0,727332.0899999999,223.0,0.0,3261.5788789237663,1.0,74,Greed,Greed,Medium,Low,0
0x513b8629fe877bb581bf244e326a047b249c4ff1,2025-02-19,403501.648209,163514779.13,5777.0,0.4156136402977324,28304.44506318158,0.4580231954301541,44,Fear,Fear,High,High,1
0x6d6a4b953f202f8df5bed40692e7fd865318264a,2024-10-27,101539.27403100001,131367.84,250.0,1.0,525.47136,0.0,74,Greed,Greed,Low,Low,1
0x6d6a4b953f202f8df5bed40692e7fd865318264a,2025-02-19,6979.340871,509692.64999999997,572.0,0.2692307692307692,891.0710664335663,0.6048951048951049,44,Fear,Fear,Low,Medium,1
0x72743ae2822edd658c0c50608fd7c5c501b2afbd,2024-10-27,327545.999992,3294849.9700000007,202.0,0.5148514851485149,16311.138465346537,0.5148514851485149,74,Greed,Greed,High,Low,1
0x72743ae2822edd658c0c50608fd7c5c501b2afbd,2025-02-19,98269.19507299998,7547409.37,932.0,0.43991416309012876,8098.078723175966,0.3208154506437768,44,Fear,Fear,High,Medium,1
0x72c6a4624e1dffa724e6d00d64ceae698af892a0,2024-10-27,51737.57941800001,965878.98,419.0,0.028639618138424822,2305.200429594272,0.026252983293556086,74,Greed,Greed,Medium,Medium,1
0x72c6a4624e1dffa724e6d00d64ceae698af892a0,2025-02-19,341945.434741,1993872.8499999996,939.0,0.3961661341853035,2123.400266240681,0.6112886048988285,44,Fear,Fear,Low,Medium,1
0x75f7eeb85dc639d5e99c78f95393aa9a5f1170d4,2024-03-09,187842.08419000002,11184217.49,3041.0,0.8240710292666886,3677.8091055573827,0.4633344294639921,84,Extreme Greed,Extreme Greed,Medium,High,1
0x75f7eeb85dc639d5e99c78f95393aa9a5f1170d4,2024-07-03,0.16271999999999998,209.5,6.0,0.16666666666666666,34.916666666666664,0.5,50,Neutral,Neutral,Low,Low,1
0x75f7eeb85dc639d5e99c78f95393aa9a5f1170d4,2024-10-27,37526.331877,2089293.6099999999,1016.0,0.8208661417322834,2056.3913484251966,0.5364173228346457,74,Greed,Greed,Low,Medium,1
0x75f7eeb85dc639d5e99c78f95393aa9a5f1170d4,2025-02-19,136208.043913,11383531.66,4885.0,0.7985670419651996,2330.3033080859777,0.47512794268167863,44,Fear,Fear,Medium,High,1
0x7f4f299f74eec87806a830e3caa9afa5f2b9db8f,2025-02-19,14781.443047,5661783.44,1554.0,0.4510939510939511,3643.361287001287,0.4420849420849421,44,Fear,Fear,Medium,Medium,1
0x8170715b3b381dffb7062c0298972d4727a0a63b,2024-10-27,0.0,34998.799999999996,15.0,0.0,2333.253333333333,1.0,74,Greed,Greed,Medium,Low,0
0x8170715b3b381dffb7062c0298972d4727a0a63b,2025-02-19,196303.792847,6875178.279999999,3056.0,0.28763089005235604,2249.7311125654446,0.32035340314136124,44,Fear,Fear,Medium,High,1
0x8381e6d82f1affd39a336e143e081ef7620a3b7f,2024-10-27,11.717676000000026,50397.38,54.0,0.037037037037037035,933.2848148148148,0.8703703703703703,74,Greed,Greed,Low,Low,1
0x8381e6d82f1affd39a336e143e081ef7620a3b7f,2025-02-19,64510.169958000006,11629308.630000003,1802.0,0.3401775804661487,6453.556398446172,0.5943396226415094,44,Fear,Fear,High,Medium,1
0x8477e447846c758f5a675856001ea72298fd9cb5,2024-07-03,-9125.157324999995,2942740.7,3810.0,0.32545931758530183,772.3728871391077,0.4477690288713911,50,Neutral,Neutral,Low,High,0
0x8477e447846c758f5a675856001ea72298fd9cb5,2024-10-27,39978.377909999996,2483772.71,1804.0,0.32427937915742794,1376.8141407982262,0.3464523281596452,74,Greed,Greed,Low,Medium,1
0x8477e447846c758f5a675856001ea72298fd9cb5,2025-02-19,46257.358187000005,3688147.16,5602.0,0.30739021777936454,658.3625776508391,0.4378793288111389,44,Fear,Fear,Low,High,1
0x92f17e8d81a944691c10e753af1b1baae1a2cd0d,2024-10-27,8695.357326000001,2125807.7800000003,724.0,0.07596685082872928,2936.1985911602214,0.8867403314917127,74,Greed,Greed,Medium,Medium,1
0x92f17e8d81a944691c10e753af1b1baae1a2cd0d,2025-02-19,100502.420808,7134710.200000001,2080.0,0.3903846153846154,3430.1491346153853,0.5855769230769231,44,Fear,Fear,Medium,High,1
0xa0feb3725a9335f49874d7cd8eaad6be45b27416,2024-10-27,49180.714882,6889828.6,4211.0,0.418665400142484,1636.15022559962,0.56946093564474,74,Greed,Greed,Low,High,1
0xa0feb3725a9335f49874d7cd8eaad6be45b27416,2025-02-19,40314.808014,10738173.13,9274.0,0.32003450506793185,1157.8793541082598,0.6609877075695493,44,Fear,Fear,Low,High,1
0xa520ded057a32086c40e7dd6ed4eb8efb82c00e0,2024-07-03,-14505.50575,307215.74000000005,39.0,0.0,7877.326666666668,0.7948717948717948,50,Neutral,Neutral,High,Low,0
0xa520ded057a32086c40e7dd6ed4eb8efb82c00e0,2024-10-27,67900.247545,476629.33,283.0,0.5477031802120141,1684.2025795053005,0.4416961130742049,74,Greed,Greed,Low,Medium,1
0xa520ded057a32086c40e7dd6ed4eb8efb82c00e0,2025-02-19,19451.742477,77964.33,95.0,0.8842105263157894,820.6771578947369,0.0,44,Fear,Fear,Low,Low,1
0xae5eacaf9c6b9111fd53034a602c192a04e082ed,2024-10-27,20925.513222,643594.44,190.0,0.5526315789473685,3387.3391578947367,0.4421052631578947,74,Greed,Greed,Medium,Low,1
0xae5eacaf9c6b9111fd53034a602c192a04e082ed,2025-02-19,8751.751449000001,559278.3,182.0,0.2692307692307692,3072.9576923076925,0.7307692307692307,44,Fear,Fear,Medium,Low,1
0xaf40fdc468c30116bd3307bcbf4a451a7ebf1deb,2024-10-27,55.01524,16766.37,9.0,0.2222222222222222,1862.9299999999998,0.7777777777777778,74,Greed,Greed,Low,Low,1
0xaf40fdc468c30116bd3307bcbf4a451a7ebf1deb,2025-02-19,21703.816512999998,4431556.890000001,525.0,0.3238095238095238,8441.060742857144,0.5657142857142857,44,Fear,Fear,High,Medium,1
0xb1231a4a2dd02f2276fa3c5e2a2f3436e6bfed23,2023-11-14,155.50335700000096,11509295.889999999,1043.0,0.2751677852348993,11034.799511025885,0.46883988494726747,69,Greed,Greed,High,Medium,1
0xb1231a4a2dd02f2276fa3c5e2a2f3436e6bfed23,2024-03-09,2606.894755999998,23499792.29,3076.0,0.21879063719115735,7639.724411573472,0.49187256176853056,84,Extreme Greed,Extreme Greed,High,High,1
0xb1231a4a2dd02f2276fa3c5e2a2f3436e6bfed23,2024-07-03,62586.1816,4723983.0,1643.0,0.20998174071819842,2875.2178940961658,0.6202069385270846,50,Neutral,Neutral,Medium,Medium,1
0xb1231a4a2dd02f2276fa3c5e2a2f3436e6bfed23,2024-10-27,1421755.845871,2746705.92,1268.0,0.5670347003154574,2166.171861198738,0.1167192429022082,74,Greed,Greed,Medium,Medium,1
0xb1231a4a2dd02f2276fa3c5e2a2f3436e6bfed23,2025-02-19,553818.000465,13421173.84,7380.0,0.3910569105691057,1818.587241192412,0.4711382113821138,44,Fear,Fear,Low,High,1
0xb899e522b5715391ae1d4f137653e7906c5e2115,2025-02-19,22488.500821,108877041.10000001,4838.0,0.4386109962794543,22504.5558288549,0.48945845390657294,44,Fear,Fear,High,High,1
0xbaaaf6571ab7d571043ff1e313a9609a10637864,2025-02-19,940157.2126819999,68036326.2,21190.0,0.46753185464841907,3210.7751864086836,0.5283152430391694,44,Fear,Fear,Medium,High,1
0xbd5fead7180a9c139fa51a103cb6a2ce86ddb5c3,2024-10-27,11671.68,727783.42,267.0,0.15355805243445692,2725.7805992509366,0.18352059925093633,74,Greed,Greed,Medium,Medium,1
0xbd5fead7180a9c139fa51a103cb6a2ce86ddb5c3,2025-02-19,325441.97721599997,17917884.11,2211.0,0.3722297602894618,8103.972912709181,0.4767073722297603,44,Fear,Fear,High,High,1
0xbee1707d6b44d4d52bfe19e41f8a828645437aab,2024-10-27,684215.002602,26617723.76,9883.0,0.5692603460487706,2693.2837964180917,0.3128604674693919,74,Greed,Greed,Medium,High,1
0xbee1707d6b44d4d52bfe19e41f8a828645437aab,2025-02-19,126967.976166,41437969.8,26651.0,0.3848636073693295,1554.8373344339798,0.4715770515177667,44,Fear,Fear,Low,High,1
