Account,date,daily_pnl,total_volume,trade_count,win_rate,avg_trade_size,long_ratio,fee_sum,fee_avg,crossed_ratio,value,classification,sentiment_regime,size_segment,freq_segment
0x083384f897ee0f19899168e3b1bec365f52a9012,2024-10-27,-327505.90005600004,6842632.0200000005,462.0,0.025974025974025976,14810.891818181819,0.3008658008658009,1112.89565,2.408865043290043,0.11904761904761904,74,Greed,Greed,High-Size,Normal
0x083384f897ee0f19899168e3b1bec365f52a9012,2025-02-19,1927735.720035,54854631.95,3356.0,0.40554231227651966,16345.241939809297,0.4684147794994041,6292.416654,1.874975165077473,0.11114421930870083,44,Fear,Fear,High-Size,Frequent
0x23e7a7f8d14b550961925fbfdaa92f5d195ba5bd,2024-10-27,20607.446093,797679.97,320.0,0.53125,2492.74990625,0.453125,202.16715108000002,0.6317723471250001,0.921875,74,Greed,Greed,Mid-Size,Normal
0x23e7a7f8d14b550961925fbfdaa92f5d195ba5bd,2025-02-19,17098.727054999992,5982611.5,3533.0,0.43504104160769885,1693.3516841211435,0.4324936314746674,1664.91466962,0.4712467222247382,0.9714123973959807,44,Fear,Fear,Low-Size,Frequent
0x271b280974205ca63b716753467d5a371de622ab,2024-07-03,-1.0,30351.000000000004,5.0,0.0,6070.200000000001,0.4,10.197932000000002,2.0395864,1.0,50,Neutral,Neutral,High-Size,Infrequent
0x271b280974205ca63b716753467d5a371de622ab,2024-10-27,1793.1602149999999,159708.3,5.0,0.8,31941.659999999996,0.6,34.662051000000005,6.932410200000001,0.8,74,Greed,Greed,High-Size,Infrequent
0x271b280974205ca63b716753467d5a371de622ab,2025-02-19,29970.928216,12310719.5,1136.0,0.43045774647887325,10836.90096830986,0.4454225352112676,3644.197056,3.2079199436619716,0.5035211267605634,44,Fear,Fear,High-Size,Normal
0x28736f43f1e871e6aa8b1148d38d4994275d72c4,2024-10-27,121880.386016,3129795.2199999997,6472.0,0.4437577255871446,483.5901143386897,0.476823238566131,1079.2967933,0.16676402863102596,0.9568912237330037,74,Greed,Greed,Low-Size,Frequent
0x28736f43f1e871e6aa8b1148d38d4994275d72c4,2025-02-19,10435.095669000002,3622817.6999999997,6794.0,0.4327347659699735,533.2378127759788,0.5307624374448042,1137.5274581509,0.16743118312494848,0.934206652929055,44,Fear,Fear,Low-Size,Frequent
0x2c229d22b100a7beb69122eed721cee9b24011dd,2024-10-27,52215.729448,2244613.0,763.0,0.4744429882044561,2941.8256880733943,0.399737876802097,737.224469,0.9662181769331586,0.9056356487549148,74,Greed,Greed,Mid-Size,Normal
0x2c229d22b100a7beb69122eed721cee9b24011dd,2025-02-19,116412.254606,7919556.5600000005,2471.0,0.5337919870497774,3205.000631323351,0.3528935653581546,2370.023531,0.959135382840955,0.7110481586402266,44,Fear,Fear,Mid-Size,Frequent
0x3998f134d6aaa2b6a5f723806d00fd2bbbbce891,2023-03-28,0.0,477.0,3.0,0.0,159.0,1.0,0.0,0.0,1.0,59,Greed,Greed,Low-Size,Infrequent
0x3998f134d6aaa2b6a5f723806d00fd2bbbbce891,2023-11-14,0.0,46133.87,2.0,0.0,23066.935,1.0,11.072125999999999,5.5360629999999995,1.0,69,Greed,Greed,High-Size,Infrequent
0x3998f134d6aaa2b6a5f723806d00fd2bbbbce891,2024-03-09,-5564.01614,82312.05,27.0,0.3333333333333333,3048.5944444444444,0.14814814814814814,3.9025799999999995,0.14453999999999997,0.5185185185185185,84,Extreme Greed,Extreme Greed,Mid-Size,Infrequent
0x3998f134d6aaa2b6a5f723806d00fd2bbbbce891,2024-07-03,215.75479800000002,61379.82000000001,80.0,0.1,767.2477500000001,0.4375,37.38302900000001,0.4672878625000001,0.5625,50,Neutral,Neutral,Low-Size,Infrequent
0x3998f134d6aaa2b6a5f723806d00fd2bbbbce891,2024-10-27,36993.371011,402974.53,156.0,0.46794871794871795,2583.170064102564,0.41025641025641024,13.18020052,0.08448846487179487,0.2564102564102564,74,Greed,Greed,Mid-Size,Infrequent
0x3998f134d6aaa2b6a5f723806d00fd2bbbbce891,2025-02-19,-59349.677108,575346.5800000001,349.0,0.2636103151862464,1648.557535816619,0.18911174785100288,56.28775486,0.1612829652148997,0.054441260744985676,44,Fear,Fear,Low-Size,Normal
0x39cef799f8b69da1995852eea189df24eb5cae3c,2024-10-27,34983.381862,655891.22,144.0,0.5277777777777778,4554.800138888889,0.4097222222222222,139.65668574999998,0.969838095486111,0.1736111111111111,74,Greed,Greed,Mid-Size,Infrequent
0x39cef799f8b69da1995852eea189df24eb5cae3c,2025-02-19,-20526.462526000003,16537484.2,3445.0,0.3193033381712627,4800.430827285922,0.4612481857764877,1319.00044032,0.3828738578577649,0.07111756168359942,44,Fear,Fear,High-Size,Frequent
0x3f9a0aadc7f04a7c9d75dc1b5a6ddd6e36486cf6,2024-10-27,7612.618288,532207.47,191.0,0.41361256544502617,2786.4265445026176,0.5863874345549738,111.57987806,0.5841878432460733,0.35602094240837695,74,Greed,Greed,Mid-Size,Infrequent
0x3f9a0aadc7f04a7c9d75dc1b5a6ddd6e36486cf6,2025-02-19,45883.62895500001,611688.99,141.0,0.5602836879432624,4338.219787234042,0.41134751773049644,64.694297857,0.4588248074964539,0.3333333333333333,44,Fear,Fear,Mid-Size,Infrequent
0x420ab45e0bd8863569a5efbb9c05d91f40624641,2024-10-27,16102.56859,810078.5199999999,125.0,0.216,6480.628159999999,0.144,130.407593,1.043260744,0.352,74,Greed,Greed,High-Size,Infrequent
0x420ab45e0bd8863569a5efbb9c05d91f40624641,2025-02-19,183403.02414199998,1177449.0899999999,258.0,0.2441860465116279,4563.756162790697,0.32170542635658916,137.55949597899996,0.5331763410038758,0.13565891472868216,44,Fear,Fear,High-Size,Infrequent
0x430f09841d65beb3f27765503d0f850b8bce7713,2024-03-09,0.0,99995.52,88.0,0.0,1136.3127272727272,1.0,253.10601000000003,2.8762046590909094,0.9431818181818182,84,Extreme Greed,Extreme Greed,Low-Size,Infrequent
0x430f09841d65beb3f27765503d0f850b8bce7713,2024-07-03,145563.44837399997,438228.4199999999,249.0,0.9518072289156626,1759.9534939759033,0.012048192771084338,31.790452000000002,0.1276724979919679,0.07228915662650602,50,Neutral,Neutral,Low-Size,Infrequent
0x430f09841d65beb3f27765503d0f850b8bce7713,2024-10-27,160450.51810499997,289936.94999999995,43.0,0.8837209302325582,6742.719767441859,0.0,101.47670400000001,2.3599233488372096,1.0,74,Greed,Greed,High-Size,Infrequent
0x430f09841d65beb3f27765503d0f850b8bce7713,2025-02-19,110527.90586200001,1883941.4700000002,671.0,0.4828614008941878,2807.662399403875,0.3144560357675112,303.392309,0.4521494918032787,0.15350223546944858,44,Fear,Fear,Mid-Size,Normal
0x47add9a56df66b524d5e2c1993a43cde53b6ed85,2024-10-27,69282.42904,1834112.9100000001,3711.0,0.3381837779574239,494.23683912692,0.46833737537052006,623.19719655,0.1679324162085691,0.7407706817569388,74,Greed,Greed,Low-Size,Frequent
0x47add9a56df66b524d5e2c1993a43cde53b6ed85,2025-02-19,32683.214094,2508697.1100000003,4629.0,0.36552171095268954,541.9522812702528,0.49038669259019224,594.3893584661,0.12840556458546123,0.6785482825664291,44,Fear,Fear,Low-Size,Frequent
0x4acb90e786d897ecffb614dc822eb231b4ffb9f4,2024-10-27,61076.16780799999,2769684.87,328.0,0.4115853658536585,8444.161189024391,0.5579268292682927,729.4389679999999,2.2238992926829266,0.6097560975609756,74,Greed,Greed,High-Size,Normal
0x4acb90e786d897ecffb614dc822eb231b4ffb9f4,2025-02-19,613327.827224,34247716.57,3806.0,0.4952706253284288,8998.349072517078,0.4721492380451918,6908.11976519,1.8150603692038887,0.5522858644245927,44,Fear,Fear,High-Size,Frequent
0x4f93fead39b70a1824f981a54d4e55b278e9f760,2024-03-09,-7919.471032000001,4540452.9,730.0,0.30684931506849317,6219.798493150685,0.48904109589041095,1589.158168,2.1769289972602737,1.0,84,Extreme Greed,Extreme Greed,High-Size,Normal
0x4f93fead39b70a1824f981a54d4e55b278e9f760,2024-07-03,-25991.506338999992,13339126.17,1309.0,0.3315508021390374,10190.317929717341,0.5393430099312452,4668.693244,3.566610576012223,1.0,50,Neutral,Neutral,High-Size,Normal
0x4f93fead39b70a1824f981a54d4e55b278e9f760,2024-10-27,111230.498007,33455719.11,1703.0,0.3282442748091603,19645.16682912507,0.5637110980622431,10666.444512,6.263326196124487,1.0,74,Greed,Greed,High-Size,Normal
0x4f93fead39b70a1824f981a54d4e55b278e9f760,2025-02-19,223968.37089300004,76490050.69,3737.0,0.39175809472839174,20468.303636606903,0.5638212469895638,23153.658383,6.19578763259299,1.0,44,Fear,Fear,High-Size,Frequent
0x513b8629fe877bb581bf244e326a047b249c4ff1,2024-10-27,0.0,727332.0899999999,223.0,0.0,3261.5788789237663,1.0,12.38025211,0.05551682560538117,1.0,74,Greed,Greed,Mid-Size,Infrequent
0x513b8629fe877bb581bf244e326a047b249c4ff1,2025-02-19,403501.648209,163514779.13,5777.0,0.4156136402977324,28304.44506318158,0.4580231954301541,28156.73061558,4.873936405674225,0.6868616929202008,44,Fear,Fear,High-Size,Frequent
0x6d6a4b953f202f8df5bed40692e7fd865318264a,2024-10-27,101539.27403100001,131367.84,250.0,1.0,525.47136,0.0,36.926673,0.147706692,0.936,74,Greed,Greed,Low-Size,Infrequent
0x6d6a4b953f202f8df5bed40692e7fd865318264a,2025-02-19,6979.340871,509692.64999999997,572.0,0.2692307692307692,891.0710664335663,0.6048951048951049,120.6785519324,0.21097648939230768,0.9615384615384616,44,Fear,Fear,Low-Size,Normal
0x72743ae2822edd658c0c50608fd7c5c501b2afbd,2024-10-27,327545.999992,3294849.9700000007,202.0,0.5148514851485149,16311.138465346537,0.5148514851485149,329.484916,1.6311134455445544,0.0,74,Greed,Greed,High-Size,Infrequent
0x72743ae2822edd658c0c50608fd7c5c501b2afbd,2025-02-19,98269.19507299998,7547409.37,932.0,0.43991416309012876,8098.078723175966,0.3208154506437768,1129.21995629,1.2116093951609441,0.09120171673819742,44,Fear,Fear,High-Size,Normal
0x72c6a4624e1dffa724e6d00d64ceae698af892a0,2024-10-27,51737.57941800001,965878.98,419.0,0.028639618138424822,2305.200429594272,0.026252983293556086,92.724032,0.2212984057279236,0.0,74,Greed,Greed,Mid-Size,Normal
0x72c6a4624e1dffa724e6d00d64ceae698af892a0,2025-02-19,341945.434741,1993872.8499999996,939.0,0.3961661341853035,2123.400266240681,0.6112886048988285,188.51338816,0.200759731799787,0.004259850905218318,44,Fear,Fear,Low-Size,Normal
0x75f7eeb85dc639d5e99c78f95393aa9a5f1170d4,2024-03-09,187842.08419000002,11184217.49,3041.0,0.8240710292666886,3677.8091055573827,0.4633344294639921,405.408361,0.13331416014468925,0.1992765537652088,84,Extreme Greed,Extreme Greed,Mid-Size,Frequent
0x75f7eeb85dc639d5e99c78f95393aa9a5f1170d4,2024-07-03,0.16271999999999998,209.5,6.0,0.16666666666666666,34.916666666666664,0.5,0.047002999999999996,0.007833833333333333,0.6666666666666666,50,Neutral,Neutral,Low-Size,Infrequent
0x75f7eeb85dc639d5e99c78f95393aa9a5f1170d4,2024-10-27,37526.331877,2089293.6099999999,1016.0,0.8208661417322834,2056.3913484251966,0.5364173228346457,292.90635568,0.2882936571653543,0.23031496062992127,74,Greed,Greed,Low-Size,Normal
0x75f7eeb85dc639d5e99c78f95393aa9a5f1170d4,2025-02-19,136208.043913,11383531.66,4885.0,0.7985670419651996,2330.3033080859777,0.47512794268167863,1739.321652,0.3560535623336745,0.368474923234391,44,Fear,Fear,Mid-Size,Frequent
0x7f4f299f74eec87806a830e3caa9afa5f2b9db8f,2025-02-19,14781.443047,5661783.44,1554.0,0.4510939510939511,3643.361287001287,0.4420849420849421,771.0818549600001,0.49619166985842994,0.09588159588159588,44,Fear,Fear,Mid-Size,Normal
0x8170715b3b381dffb7062c0298972d4727a0a63b,2024-10-27,0.0,34998.799999999996,15.0,0.0,2333.253333333333,1.0,0.12958992,0.008639328,0.0,74,Greed,Greed,Mid-Size,Infrequent
0x8170715b3b381dffb7062c0298972d4727a0a63b,2025-02-19,196303.792847,6875178.279999999,3056.0,0.28763089005235604,2249.7311125654446,0.32035340314136124,884.1886149999999,0.2893287352748691,0.09260471204188482,44,Fear,Fear,Mid-Size,Frequent
0x8381e6d82f1affd39a336e143e081ef7620a3b7f,2024-10-27,11.717676000000026,50397.38,54.0,0.037037037037037035,933.2848148148148,0.8703703703703703,4.406872809999999,0.08160875574074072,0.6851851851851852,74,Greed,Greed,Low-Size,Infrequent
0x8381e6d82f1affd39a336e143e081ef7620a3b7f,2025-02-19,64510.169958000006,11629308.630000003,1802.0,0.3401775804661487,6453.556398446172,0.5943396226415094,3297.2099173300003,1.829750231592675,0.9483906770255272,44,Fear,Fear,High-Size,Normal
0x8477e447846c758f5a675856001ea72298fd9cb5,2024-07-03,-9125.157324999995,2942740.7,3810.0,0.32545931758530183,772.3728871391077,0.4477690288713911,903.689727,0.23718890472440943,0.7503937007874015,50,Neutral,Neutral,Low-Size,Frequent
0x8477e447846c758f5a675856001ea72298fd9cb5,2024-10-27,39978.377909999996,2483772.71,1804.0,0.32427937915742794,1376.8141407982262,0.3464523281596452,810.39821607,0.44922295791019956,0.9262749445676275,74,Greed,Greed,Low-Size,Normal
0x8477e447846c758f5a675856001ea72298fd9cb5,2025-02-19,46257.358187000005,3688147.16,5602.0,0.30739021777936454,658.3625776508391,0.4378793288111389,1182.5227054,0.21108937975722955,0.9046769011067476,44,Fear,Fear,Low-Size,Frequent
0x92f17e8d81a944691c10e753af1b1baae1a2cd0d,2024-10-27,8695.357326000001,2125807.7800000003,724.0,0.07596685082872928,2936.1985911602214,0.8867403314917127,157.16795171999996,0.21708280624309387,0.9834254143646409,74,Greed,Greed,Mid-Size,Normal
0x92f17e8d81a944691c10e753af1b1baae1a2cd0d,2025-02-19,100502.420808,7134710.200000001,2080.0,0.3903846153846154,3430.1491346153853,0.5855769230769231,2058.64770854,0.9897344752596154,0.9004807692307693,44,Fear,Fear,Mid-Size,Frequent
0xa0feb3725a9335f49874d7cd8eaad6be45b27416,2024-10-27,49180.714882,6889828.6,4211.0,0.418665400142484,1636.15022559962,0.56946093564474,481.711535,0.11439362028021847,0.08026597007836618,74,Greed,Greed,Low-Size,Frequent
0xa0feb3725a9335f49874d7cd8eaad6be45b27416,2025-02-19,40314.808014,10738173.13,9274.0,0.32003450506793185,1157.8793541082598,0.6609877075695493,1635.555628,0.17635924390769894,0.1209833944360578,44,Fear,Fear,Low-Size,Frequent
0xa520ded057a32086c40e7dd6ed4eb8efb82c00e0,2024-07-03,-14505.50575,307215.74000000005,39.0,0.0,7877.326666666668,0.7948717948717948,138.24399527,3.5447178274358975,0.8717948717948718,50,Neutral,Neutral,High-Size,Infrequent
0xa520ded057a32086c40e7dd6ed4eb8efb82c00e0,2024-10-27,67900.247545,476629.33,283.0,0.5477031802120141,1684.2025795053005,0.4416961130742049,29.20086424,0.10318326586572439,0.5159010600706714,74,Greed,Greed,Low-Size,Normal
0xa520ded057a32086c40e7dd6ed4eb8efb82c00e0,2025-02-19,19451.742477,77964.33,95.0,0.8842105263157894,820.6771578947369,0.0,22.493145,0.23676994736842102,0.7578947368421053,44,Fear,Fear,Low-Size,Infrequent
0xae5eacaf9c6b9111fd53034a602c192a04e082ed,2024-10-27,20925.513222,643594.44,190.0,0.5526315789473685,3387.3391578947367,0.4421052631578947,201.36228461,1.0598014979473684,1.0,74,Greed,Greed,Mid-Size,Infrequent
0xae5eacaf9c6b9111fd53034a602c192a04e082ed,2025-02-19,8751.751449000001,559278.3,182.0,0.2692307692307692,3072.9576923076925,0.7307692307692307,187.91734599999995,1.03251289010989,1.0,44,Fear,Fear,Mid-Size,Infrequent
0xaf40fdc468c30116bd3307bcbf4a451a7ebf1deb,2024-10-27,55.01524,16766.37,9.0,0.2222222222222222,1862.9299999999998,0.7777777777777778,3.659253,0.4065836666666667,0.2222222222222222,74,Greed,Greed,Low-Size,Infrequent
0xaf40fdc468c30116bd3307bcbf4a451a7ebf1deb,2025-02-19,21703.816512999998,4431556.890000001,525.0,0.3238095238095238,8441.060742857144,0.5657142857142857,538.0863564464,1.0249263932312382,0.05714285714285714,44,Fear,Fear,High-Size,Normal
0xb1231a4a2dd02f2276fa3c5e2a2f3436e6bfed23,2023-11-14,155.50335700000096,11509295.889999999,1043.0,0.2751677852348993,11034.799511025885,0.46883988494726747,2783.4985279999996,2.668742596356663,0.9357622243528284,69,Greed,Greed,High-Size,Normal
0xb1231a4a2dd02f2276fa3c5e2a2f3436e6bfed23,2024-03-09,2606.894755999998,23499792.29,3076.0,0.21879063719115735,7639.724411573472,0.49187256176853056,4561.206114,1.4828368381014303,0.77925877763329,84,Extreme Greed,Extreme Greed,High-Size,Frequent
0xb1231a4a2dd02f2276fa3c5e2a2f3436e6bfed23,2024-07-03,62586.1816,4723983.0,1643.0,0.20998174071819842,2875.2178940961658,0.6202069385270846,2953.83210411,1.7978284261168593,0.8715763846622033,50,Neutral,Neutral,Mid-Size,Normal
0xb1231a4a2dd02f2276fa3c5e2a2f3436e6bfed23,2024-10-27,1421755.845871,2746705.92,1268.0,0.5670347003154574,2166.171861198738,0.1167192429022082,812.1413679999999,0.6404900378548896,0.5678233438485805,74,Greed,Greed,Mid-Size,Normal
0xb1231a4a2dd02f2276fa3c5e2a2f3436e6bfed23,2025-02-19,553818.000465,13421173.84,7380.0,0.3910569105691057,1818.587241192412,0.4711382113821138,4707.64902071,0.6378928212344173,0.8917344173441735,44,Fear,Fear,Low-Size,Frequent
0xb899e522b5715391ae1d4f137653e7906c5e2115,2025-02-19,22488.500821,108877041.10000001,4838.0,0.4386109962794543,22504.5558288549,0.48945845390657294,28643.173715000004,5.920457568210005,0.867920628358826,44,Fear,Fear,High-Size,Frequent
0xbaaaf6571ab7d571043ff1e313a9609a10637864,2025-02-19,940157.2126819999,68036326.2,21190.0,0.46753185464841907,3210.7751864086836,0.5283152430391694,8596.700755219,0.4056961186983955,0.3263331760264276,44,Fear,Fear,Mid-Size,Frequent
0xbd5fead7180a9c139fa51a103cb6a2ce86ddb5c3,2024-10-27,11671.68,727783.42,267.0,0.15355805243445692,2725.7805992509366,0.18352059925093633,81.22738700000001,0.3042224232209738,0.09363295880149813,74,Greed,Greed,Mid-Size,Normal
0xbd5fead7180a9c139fa51a103cb6a2ce86ddb5c3,2025-02-19,325441.97721599997,17917884.11,2211.0,0.3722297602894618,8103.972912709181,0.4767073722297603,3999.85393243,1.8090700734644958,0.3568521031207598,44,Fear,Fear,High-Size,Frequent
0xbee1707d6b44d4d52bfe19e41f8a828645437aab,2024-10-27,684215.002602,26617723.76,9883.0,0.5692603460487706,2693.2837964180917,0.3128604674693919,2512.00733119,0.2541745756541536,0.3742790650612162,74,Greed,Greed,Mid-Size,Frequent
0xbee1707d6b44d4d52bfe19e41f8a828645437aab,2025-02-19,126967.976166,41437969.8,26651.0,0.3848636073693295,1554.8373344339798,0.4715770515177667,9512.317580370001,0.3569216007042888,0.8676597501031856,44,Fear,Fear,Low-Size,Frequent
